Id,SalePrice_Real,SalePrice_Predicho,Error (%)
1461,169277.0524984,131110.14,22.547009139801006
1462,187758.393988768,157928.48,15.887393024118246
1463,183583.683569555,174881.8,4.740009242846517
1464,179317.47751083,183308.52,2.2256851616312403
1465,150730.079976501,204548.3,35.705029833387805
1466,177150.989247307,172814.25,2.4480468699233824
1467,172070.659229164,167843.86,2.4564322866542674
1468,175110.956519547,169788.53,3.039459452071969
1469,162011.698831665,181939.14,12.30000136535832
1470,160726.247831419,114467.766,28.780913171032363
1471,157933.279456005,187227.67,18.548586241543518
1472,145291.245020389,91822.04,36.80139502754318
1473,159672.017631819,104847.31,34.335826931326814
1474,164167.518301885,159100.16,3.086699704241558
1475,150891.638244053,136103.48,9.800515400419032
1476,179460.96518734,402067.7,124.04186870402705
1477,185034.62891405,268535.56,45.127191367372006
1478,182352.192644656,311312.12,70.7202504587615
1479,183053.458213802,222014.45,21.283941951368398
1480,187823.339254278,464485.28,147.29902143373835
1481,186544.114327568,321228.16,72.19956853526307
1482,158230.77520516,210954.39,33.320708140675706
1483,190552.829321091,173653.53,8.868563842006694
1484,147183.67487199,169670.58,15.278124525405094
1485,185855.300905493,165574.25,10.91228004080759
1486,174350.470676986,205732.25,17.999251278853208
1487,201740.620690863,333185.44,65.15535585198596
1488,162986.378895754,238752.62,46.4862411310494
1489,162330.199085679,211640.95,30.376819095930795
1490,165845.938616539,201113.22,21.265085945218296
1491,180929.622876974,186373.45,3.008809191365878
1492,163481.501519718,99124.04,39.36681576903406
1493,187798.076714233,167332.22,10.897798887139464
1494,198822.198942566,282588.75,42.13138749241565
1495,194868.409899858,295819.66,51.80483083534184
1496,152605.298564403,222853.73,46.03276039327726
1497,147797.702836811,193097.17,30.649642243226115
1498,150521.96899297,155559.38,3.346628429545232
1499,146991.630153739,157748.1,7.3177430817052445
1500,150306.307814534,147481.75,1.8792011164423492
1501,151164.372534604,175237.72,15.925278596903006
1502,151133.706960953,149480.42,1.0939233836037106
1503,156214.042540726,319910.88,104.79009108070242
1504,171992.760735142,234456.44,36.31762115909527
1505,173214.912549738,210079.1,21.282340479591568
1506,192429.187345783,207210.23,7.6812893397800535
1507,190878.69508543,233541.62,22.35080499448915
1508,194542.544135519,204139.16,4.932913726981979
1509,191849.439072822,170708.58,11.019505282367481
1510,176363.773907793,146677.03,16.832676716996257
1511,176954.185412429,149078.78,15.752894088071162
1512,176521.216975696,169864.1,3.7712843191040166
1513,179436.704810176,159667.47,11.017386231590482
1514,220079.756777048,161285.08,26.715168009118628
1515,175502.918109444,218998.22,24.783235720007937
1516,188321.073833569,166179.64,11.757278876360248
1517,163276.324450004,152551.33,6.5686158027694095
1518,185911.366293097,130407.47,29.855031136500177
1519,171392.830997252,217329.69,26.80208894121396
1520,174418.207020775,140111.64,19.66914326592563
1521,179682.709603774,150787.83,16.081057363555654
1522,179423.751581665,184250.0,2.689860386816354
1523,171756.918091777,114800.66,33.16096884164099
1524,166849.638174419,122596.69,26.52265156737017
1525,181122.168676666,135214.0,25.346521086891315
1526,170934.462746566,123121.37,27.97159331027092
1527,159738.292580329,103071.6,35.474707826761396
1528,174445.759557658,129034.35,26.031821967359754
1529,174706.363659627,149327.0,14.526868471186628
1530,164507.672539365,166836.05,1.415361013072396
1531,163602.512172832,125845.27,23.078644497185177
1532,154126.270249525,98406.74,36.15187090384854
1533,171104.853481351,148010.39,13.497257974548384
1534,167735.39270528,121110.805,27.796511489499352
1535,183003.613338104,153731.69,15.995270696662889
1536,172580.381161499,114514.055,33.645960085788154
1537,165407.889104689,82660.54,50.02624092029676
1538,176363.773907793,193913.27,9.950737446445368
1539,175182.950898522,127487.375,27.226151662527105
1540,190757.177789246,128828.34,32.46474838166601
1541,167186.995771991,155518.6,6.979248426656527
1542,167839.376779276,155800.58,7.172808318460409
1543,173912.421165137,217165.86,24.87081632529977
1544,154034.917445551,76653.75,50.23612095803151
1545,156002.955794336,119715.086,23.261014260637182
1546,168173.94329857,131194.64,21.98872344505727
1547,168882.437104132,137934.28,18.325266756453505
1548,168173.94329857,144674.33,13.973397327581024
1549,157580.177551642,118454.31,24.829181029967884
1550,181922.15256011,148505.28,18.36877592412421
1551,155134.227842592,127629.18,17.729838363265767
1552,188885.573319552,140687.58,25.517032599420297
1553,183963.193012381,149272.27,18.8575347298121
1554,161298.762306335,109816.81,31.917140324091037
1555,188613.66763056,175046.23,7.193242038607033
1556,175080.111822945,107209.305,38.76557200944754
1557,174744.400305232,120715.43,30.918856461699356
1558,168175.911336919,107941.836,35.81611353141278
1559,182333.472575006,123787.08,32.10951436847226
1560,158307.206742274,146453.4,7.487850355146583
1561,193053.055502348,164502.25,14.789097964834205
1562,175031.089987177,111035.64,36.562333007161975
1563,160713.294602908,126155.01,21.503065249390193
1564,173186.215014436,169435.34,2.1658046017827335
1565,191736.7598055,146007.2,23.850178678250636
1566,170401.630997116,184504.62,8.27632277951769
1567,164626.577880222,68549.93,58.3603505079993
1568,205469.409444832,217439.11,5.82553898777901
1569,209561.784211885,114101.7,45.55223872085697
1570,182271.503072356,122589.74,32.74333182442909
1571,178081.549427793,125316.36,29.629790170479055
1572,178425.956138831,146364.8,17.968885711832552
1573,162015.318511503,231228.44,42.72010950839992
1574,181722.420373045,130953.29,27.937736174119117
1575,156705.730169433,208798.16,33.24219846603169
1576,182902.420342386,213755.64,16.868677625948315
1577,157574.595395085,209542.42,32.97982423792153
1578,184380.739100813,141370.62,23.326796123371953
1579,169364.469225677,140435.77,17.080736802670053
1580,175846.179822063,204750.83,16.437462677429405
1581,189673.295302136,125221.95,33.9801895672607
1582,174401.317715566,126042.766,27.728317852755424
1583,179021.448718583,329618.3,84.12223918383727
1584,189196.845337149,238402.33,26.007560842342148
1585,139647.095720655,141310.92,1.191449253390327
1586,161468.198288911,65771.54,59.26656722686865
1587,171557.32317862,97136.38,43.37963649685492
1588,179447.36804185,145063.69,19.16087063134365
1589,169611.619017694,101874.42,39.936650218890726
1590,172088.872655744,135752.69,21.114777553591672
1591,171190.624128768,91278.266,46.680335757558
1592,154850.508361878,119659.19,22.725994724949572
1593,158617.655719941,114010.34,28.12254128802704
1594,209258.33693701,149543.86,28.536247497266977
1595,177939.027626751,124706.195,29.91633332874753
1596,194631.100299584,260397.36,33.79021112205906
1597,213618.871562568,181313.5,15.122901514394485
1598,198342.504228533,185356.17,6.547428791949689
1599,138607.971472497,192994.47,39.23764120470843
1600,150778.958976731,191611.47,27.081040551268494
1601,146966.230339786,66427.016,54.80117041416882
1602,162182.59620952,125736.8,22.47207595717392
1603,176825.940961269,93135.56,47.32924394820559
1604,152799.812402444,267257.12,74.90670688527972
1605,180322.322067129,255897.44,41.91112728946364
1606,177508.027228367,160067.2,9.82537381587204
1607,208029.642652019,169869.5,18.343608230799724
1608,181987.282510201,205706.2,13.033282964961836
1609,160172.72797397,200179.22,24.977093499045317
1610,176761.317654248,156100.78,11.688381784220923
1611,176515.497545231,140568.78,20.364624095411152
1612,176270.453065471,152292.69,13.602826025848522
1613,183050.846258475,152080.8,16.91882167796378
1614,150011.102062216,127552.78,14.97110664042824
1615,159270.537808667,77526.44,51.32405461383376
1616,163419.663729346,73819.516,54.82825364133711
1617,163399.983345859,85505.66,47.67094937885319
1618,173364.161505756,122378.016,29.409853260855854
1619,169556.835902417,124086.055,26.81742712431025
1620,183690.595995738,167152.22,9.003387411363029
1621,176980.914909382,138265.25,21.875615757329115
1622,204773.36222471,144364.3,29.500449457102505
1623,174728.655998442,340422.56,94.82926715983865
1624,181873.458244461,224595.28,23.489860570042843
1625,177322.000823979,120069.76,32.28716152419867
1626,193927.939041863,171758.11,11.431993322569799
1627,181715.622732304,196282.92,8.016535424230392
1628,199270.841200324,284205.5,42.62272306779317
1629,177109.589956218,182494.19,3.040264530629365
1630,153909.578271486,405349.5,163.36859898673174
1631,162931.203336223,229668.83,40.96061730180558
1632,166386.7567182,251933.19,51.41420805904959
1633,173719.30379824,162884.33,6.237058036350353
1634,179757.925656704,184985.02,2.9078519482242635
1635,179007.601964376,186624.72,4.255192490171383
1636,180370.808623106,166878.95,7.480067715002543
1637,185102.616730563,160635.48,13.218147405326834
1638,198825.563452058,205204.1,3.208106863723301
1639,184294.576009142,167805.6,8.947076124651689
1640,200443.7920562,266562.8,32.98630866315963
1641,181294.784484153,188748.6,4.111434058655196
1642,174354.336267919,214595.33,23.08000741102606
1643,172023.677781517,216127.17,25.6380358723046
1644,181666.922855025,221289.23,21.810413542697944
1645,179024.491269586,178664.83,0.20090059579859917
1646,178324.191575907,155438.61,12.833694280994589
1647,184534.676687694,165370.33,10.385227877862604
1648,159397.250378784,137622.3,13.660806774921813
1649,178430.966728182,132627.05,25.670385341776875
1650,177743.799385967,118930.586,33.08875673252338
1651,179395.305519087,108924.305,39.28252209007172
1652,151713.38474815,90674.93,40.232742054681715
1653,151713.38474815,97841.984,35.50866710776942
1654,168434.977996215,162016.77,3.8104959388893853
1655,153999.100311019,158344.61,2.8217760234993157
1656,164096.097354123,159719.77,2.6669295764412912
1657,166335.403036551,162832.83,2.105729130786033
1658,163020.725375757,158203.69,2.9548607176504103
1659,155862.510668829,146929.92,5.73107069204642
1660,182760.651095509,140040.86,23.37472034567444
1661,201912.270622883,480484.44,137.9669341133872
1662,185988.233987516,431335.7,131.9155845250686
1663,183778.44888032,398424.38,116.79602936439053
1664,170935.85921771,520096.6,204.264185630931
1665,184468.908382254,341134.7,84.92802011551194
1666,191569.089663229,340260.62,77.61770471330469
1667,232991.025583822,366170.28,57.16067993711837
1668,180980.721388278,356079.34,96.74987328405193
1669,164279.13048219,295423.22,79.83003631251123
1670,183859.460411109,353687.62,92.36846404811367
1671,185922.465682076,275658.0,48.26503025802708
1672,191742.778119363,460018.22,139.91423536881848
1673,199954.072465842,303021.78,51.54569059940752
1674,180690.274752587,257805.9,42.678348545877625
1675,163099.3096358,185170.78,13.532534511326567
1676,140791.922472443,185577.84,31.810004964114956
1677,166481.86647592,218393.17,31.18135603770907
1678,172080.434496773,447098.3,159.8193695334866
1679,191719.161659178,415221.7,116.5780907899784
1680,160741.098612515,308122.44,91.68864880211176
1681,157829.546854733,280948.44,78.00750594474314
1682,196896.748596341,295327.38,49.99098873158751
1683,159675.423990355,176325.77,10.427619726032946
1684,182084.790901946,167575.69,7.968321148667077
1685,179233.926374487,171560.52,4.281224280304154
1686,155774.270901623,172736.36,10.888890058801264
1687,181354.326716058,160258.83,11.632199296290695
1688,179605.563663918,187292.0,4.279620396651539
1689,181609.34866147,182804.27,0.6579624602681637
1690,178221.531623281,182059.55,2.153509927650989
1691,175559.920735795,166305.2,5.271545291776856
1692,200328.822792041,248292.8,23.94262420128622
1693,178630.060559899,165105.86,7.571066436135487
1694,177174.535221728,187076.92,5.5890564441890636
1695,172515.687368714,166833.48,3.293733720904767
1696,204032.992922943,257991.16,26.445804820123065
1697,176023.232787689,169195.58,3.8788361510916003
1698,202202.073341595,383673.38,89.74750043825318
1699,181734.480075862,311813.6,71.57646687069985
1700,183982.158993126,236358.77,28.46830980433863
1701,188007.94241481,255194.69,35.73612195433371
1702,185922.966763517,296769.62,59.61966677170839
1703,183978.544874918,266027.25,44.59688774083123
1704,177199.618638821,350912.66,98.0324013649552
1705,181878.647956764,242320.52,33.231977872193205
1706,173622.088728263,485921.66,179.87317947805533
1707,180728.168562655,218529.4,20.916070659035118
1708,176477.026606328,210903.58,19.507668536635205
1709,184282.266697609,292587.4,58.771326858112836
1710,162062.47538448,227150.03,40.16201434730963
1711,182550.070992189,256460.39,40.4876966665072
1712,180987.949624695,234817.98,29.742328418510432
1713,178173.79762147,255237.64,43.25206254078506
1714,179980.635948606,210556.19,16.988246480096297
1715,173257.637826205,207550.81,19.793166179602732
1716,177271.291059307,195149.25,10.085084185860554
1717,175338.355442312,176895.84,0.8882737343800575
1718,177548.140549508,122038.13,31.264765926416132
1719,175969.91662932,201944.58,14.760854507532391
1720,175011.481953462,260269.25,48.7155283155703
1721,185199.372568143,166090.86,10.317806320381653
1722,188514.050228937,110096.13,41.59791810409037
1723,185080.145268797,153168.81,17.241900919437516
1724,157304.402574096,215406.45,36.936059306118835
1725,194260.859481297,242093.14,24.62270611095912
1726,181262.329995106,186144.19,2.6932567870146027
1727,157003.292706732,166559.5,6.086628584992887
1728,182924.499359899,182445.64,0.26177978432338905
1729,181902.586375439,159957.36,12.064273968125452
1730,188985.371708134,176932.33,6.377764373609046
1731,185290.904495068,129592.62,30.059912895805724
1732,177304.425752748,136567.14,22.975898982666322
1733,166274.900490809,123673.2,25.62124551875095
1734,177807.420530107,127395.625,28.351907574954716
1735,180330.624816201,126446.76,29.880595639881598
1736,179069.112234629,119270.99,33.393878759100154
1737,175943.371816948,354461.25,101.46325851296207
1738,185199.050609653,209964.81,13.372508827027513
1739,167350.910824524,319373.84,90.84081372875218
1740,149315.311876449,208415.53,39.58081551103981
1741,139010.847766793,204348.94,47.00215363251312
1742,155412.151845447,175077.92,12.653944959278393
1743,171308.313985441,175150.52,2.2428602121935137
1744,176220.543265638,299492.84,69.95341998721408
1745,177643.434991809,209827.67,18.117323057660432
1746,187222.653264601,189153.62,1.0313745167738761
1747,185635.132083154,203384.55,9.56145408343032
1748,206492.534215854,203637.4,1.3826815708840197
1749,181681.021081956,147566.61,18.777091233193286
1750,180500.198072685,152997.28,15.237057004009454
1751,206486.17086841,225440.08,9.179263217423397
1752,161334.301195429,125482.67,22.221952138994215
1753,176156.558313965,144300.98,18.083674328598423
1754,191642.223478994,217884.4,13.693316663006886
1755,191945.808027777,165235.1,13.915754817584567
1756,164146.306037354,124246.31,24.307580840883585
1757,179883.057071096,122702.516,31.787619135523293
1758,178071.137668844,147172.14,17.35205270957854
1759,188241.637896875,180916.53,3.891332427147677
1760,174559.656173171,153664.14,11.970415519403698
1761,182347.363042264,153561.27,15.786404893385846
1762,191507.251872857,170559.66,10.938276053777985
1763,199751.865597358,171347.58,14.219784887823197
1764,162106.416145131,114110.21,29.607838657145336
1765,164575.982314367,210708.36,28.031051090743375
1766,179176.352180931,175408.47,2.1028903284771685
1767,177327.403857584,200550.3,13.096056016850543
1768,177818.083761781,140926.12,20.74702582623956
1769,186965.204048443,169318.8,9.438335939702878
1770,178762.742169197,137658.61,22.993679594762764
1771,183322.866146283,148462.94,19.015590842042812
1772,178903.295931891,126768.83,29.141143353635446
1773,186570.129421778,136232.08,26.98076566585805
1774,199144.242829024,129172.164,35.13638046222545
1775,172154.713310956,136854.97,20.50466271416892
1776,177444.019201603,126050.2,28.963398954129815
1777,166200.938073485,117244.625,29.45609912974089
1778,158995.770555632,126167.59,20.647203658883218
1779,168273.282454755,109636.36,34.846246296123205
1780,189680.453052788,178545.67,5.870284931093661
1781,181681.021081956,137444.17,24.348636317934833
1782,160277.142643643,79239.17,50.56115382829179
1783,197318.54715833,137622.05,30.253870210400986
1784,162228.935604196,87351.26,46.15556116751057
1785,187340.455456083,114454.79,38.90545973032991
1786,181065.347037275,128341.305,29.118792137747363
1787,190233.609102705,155513.64,18.25122767026938
1788,157929.594852031,50422.375,68.07287763433938
1789,168557.001935469,96299.086,42.86853414913757
1790,160805.584645628,60277.152,62.515510805899844
1791,221648.391978216,231371.2,4.386590822973161
1792,180539.88079815,149839.3,17.004874857801834
1793,182105.616283853,145462.17,20.12208466252675
1794,166380.852603154,140324.62,15.660595672810048
1795,178942.155617426,148336.45,17.10368667004339
1796,162804.747800461,111667.22,31.410341830532406
1797,183077.684392615,131710.53,28.057572698186828
1798,171728.4720292,120829.87,29.6390001190632
1799,164786.741540638,113499.37,31.123481817249264
1800,177427.267170302,131739.23,25.750290752350214
1801,197318.54715833,114594.85,41.92393383676793
1802,178658.114178223,164379.69,7.992037889742505
1803,185437.320523764,162893.64,12.157035304484458
1804,169759.652489529,141475.77,16.661133593728103
1805,173986.635055186,133826.69,23.082201137143578
1806,168607.664289468,103370.05,38.69196252992814
1807,194138.519145183,142920.11,26.382404362979738
1808,192502.440921994,112516.28,41.55072555906243
1809,176746.969818601,118260.695,33.09039746402818
1810,177604.891703134,154098.75,13.235075609530188
1811,193283.746584832,106560.89,44.868157885572366
1812,181627.061006609,115685.87,36.30581843980262
1813,169071.62025834,132416.56,21.68019694986739
1814,167398.006470987,86773.94,48.163098337112245
1815,150106.505141704,68048.836,54.66629781583394
1816,159650.304285848,98588.7,38.24709546216676
1817,179471.23597476,134309.55,25.163746006135124
1818,177109.589956218,143243.89,19.121324804935565
1819,166558.113328453,117357.48,29.539619743067842
1820,153796.714319583,73779.48,52.027921840586664
1821,174520.152570658,130456.56,25.248426569428982
1822,196297.95829524,160820.47,18.073284410773365
1823,169100.681601175,45148.438,73.30085392175836
1824,176911.319164431,136511.42,22.836243240536312
1825,169234.6454828,121901.57,27.968903972213326
1826,172386.297919134,102159.25,40.73818439565153
1827,156031.904802362,107505.39,31.10037967159868
1828,168202.892306596,134086.9,20.28264308583365
1829,166505.984017547,121004.52,27.327224475459015
1830,176507.37022149,175272.14,0.6998179282485318
1831,180116.752553161,155043.23,13.920705430085192
1832,183072.740591406,148579.5,18.841276139734166
1833,189595.964677698,167693.38,11.552242008384043
1834,167523.919076265,111206.08,33.617789857594246
1835,210817.775863413,151765.5,28.011051545137473
1836,172942.930813351,149552.92,13.524698987896016
1837,145286.278144089,104133.16,28.325536774556937
1838,176468.653371492,136401.44,22.705003186681953
1839,159040.069562187,86065.02,45.88469419252404
1840,178518.204332507,170019.17,4.76087823327908
1841,169163.980786825,159751.25,5.5642641790787755
1842,189786.685274579,105529.305,44.39583322332511
1843,181246.728523853,138931.69,23.34664954699258
1844,176349.927153587,141397.77,19.819774080851424
1845,205266.631009142,123775.22,39.700272084415225
1846,187397.993362224,142291.3,24.069998057576154
1847,208943.427726113,140407.31,32.801279500378186
1848,165014.532907657,60367.934,63.41659553478104
1849,182492.037566236,119706.664,34.40444547803783
1850,161718.71259042,128260.95,20.688862812776314
1851,180084.118941162,152506.6,15.313687349728086
1852,178534.950802179,136283.56,23.66561315436469
1853,151217.259961305,131249.14,13.204921162051633
1854,156342.717587562,167725.56,7.2806988314392616
1855,188511.443835239,152067.77,19.332340304544683
1856,183570.337896789,229289.77,24.905675190790575
1857,225810.160292177,122648.02,45.68534035788954
1858,214217.401131694,152324.14,28.89273271205638
1859,187665.64101603,127913.99,31.839419668156584
1860,161157.177744039,154388.4,4.200109383144982
1861,187643.992594193,124892.08,33.442004578266996
1862,228156.372839158,290599.75,27.36867543246856
1863,220449.534665317,290599.75,31.821439515027294
1864,220522.352084222,290599.75,31.777911514844547
1865,156647.763531624,328716.78,109.8445407639917
1866,187388.833374873,353491.56,88.64067491835921
1867,178640.723791573,254406.7,42.412488373494334
1868,180847.216739049,366133.66,102.4546833520294
1869,159505.170529478,205054.3,28.556522223901265
1870,164305.538020654,254446.0,54.86148736387383
1871,180181.19673723,246780.8,36.96257127201599
1872,184602.734989972,165711.6,10.233399299852302
1873,193440.372174434,218649.67,13.032076780142699
1874,184199.788209911,136821.86,25.72094608269577
1875,196241.892907637,209323.28,6.665950322095535
1876,175588.618271096,201598.22,14.812806197237158
1877,179503.046546829,209123.61,16.501426590240932
1878,183658.076582555,212008.77,15.436671201716118
1879,193700.976276404,130351.17,32.704949398915886
1880,165399.62450704,139693.62,15.541755057579259
1881,186847.944787446,229730.84,22.950691409175842
1882,198127.73287817,253511.56,27.953596559794008
1883,183320.898107934,201311.81,9.81389032988126
1884,181613.606696657,216828.17,19.389826535497807
1885,178298.791761954,269265.28,51.01912768960041
1886,185733.534000593,330629.94,78.01305605854911
1887,180008.188485489,193620.53,7.562067942041613
1888,175127.59621604,267789.03,52.91081233688123
1889,183467.176862723,154231.73,15.934973962453261
1890,182705.546021743,132523.19,27.466246709211017
1891,152324.943593181,148117.4,2.7622157566118815
1892,169878.515981342,104737.58,38.34559985707464
1893,183735.975076576,140563.06,23.497257441599416
1894,224118.280105941,114284.05,49.007260832995065
1895,169355.202465146,170592.83,0.7307880223571531
1896,180054.276407441,126118.93,29.9550488239401
1897,174081.601977368,127103.25,26.986396864313996
1898,168494.985022146,93662.81,44.412108177765944
1899,181871.598843299,117894.83,35.17688811787569
1900,173554.489658383,125355.664,27.77158099064763
1901,169805.382165577,163708.94,3.59025261026907
1902,176192.990728755,148845.3,15.521440788104979
1903,204264.39284654,221885.08,8.626411538450602
1904,169630.906956928,133101.62,21.534570328155688
1905,185724.838807268,173018.89,6.841275991335399
1906,195699.036281861,148741.61,23.994715137089003
1907,189494.276162169,218524.06,15.31960987200866
1908,149607.905673439,120604.99,19.385951258983567
1909,154650.199045978,131094.92,15.2313279848899
1910,151579.558140433,123666.984,18.414471240622696
1911,185147.380531144,195115.19,5.383716172629993
1912,196314.53120359,202078.1,2.9358849602594237
1913,210802.395364155,118710.055,43.68657206435827
1914,166271.2863726,65520.14,60.59443489648907
1915,154865.359142973,295461.06,90.78576489609137
1916,173575.5052865,67420.11,61.15805056207798
1917,179399.563554274,258688.45,44.1968112267668
1918,164280.776562049,135873.1,17.29214893948312
1919,171247.48948121,153023.73,10.641767383812997
1920,166878.587182445,151071.1,9.472447873233115
1921,188129.459710994,468164.4,148.85225350628122
1922,183517.34369691,332994.72,81.45136219384307
1923,175522.026925727,205931.52,17.325172006554435
1924,190060.105331152,206808.42,8.81211479898241
1925,174179.824771856,210300.19,20.737398992940285
1926,171059.523675194,403871.12,136.09975716222976
1927,183004.186769318,126353.36,30.956027711392192
1928,183601.647387418,152128.97,17.14182733938518
1929,163539.327185998,131011.0,19.890217078490604
1930,164677.676391525,130499.88,20.754359145963708
1931,162395.073865424,143244.33,11.792687678010564
1932,182207.6323195,129135.83,29.127101671810824
1933,192223.939790304,148057.03,22.97679978804171
1934,176391.829390125,187636.8,6.3749951733901105
1935,181913.179121348,176118.98,3.1851453255527287
1936,179136.097888261,188756.92,5.370677504508422
1937,196595.568243212,180565.25,8.153957073630776
1938,194822.365690957,171611.33,11.913948179736321
1939,148356.669440918,247434.97,66.7838533531782
1940,160387.604263899,193484.77,20.635737959925805
1941,181276.500571809,172253.98,4.9772146656344525
1942,192474.817899346,188974.92,1.818366650527888
1943,157699.907796437,194076.61,23.067040882813284
1944,215785.540813051,317614.47,47.18987602379253
1945,181824.300998793,363694.53,100.02525955120505
1946,221813.00948166,157574.12,28.960830400243694
1947,165281.292597397,324616.6,96.40250563064168
1948,255629.49047034,164135.02,35.79182914381151
1949,173154.590990955,233052.78,34.59231930626308
1950,183884.65246539,175998.39,4.288700747809455
1951,200210.353608489,298052.22,48.869533781874516
1952,186599.221265342,209756.28,12.41005111255471
1953,192718.532696106,157855.12,18.09032696978937
1954,178628.665952764,204575.06,14.525324873722786
1955,180650.342418406,133034.28,26.358135711761893
1956,206003.107947263,305892.53,48.48927914151122
1957,166457.67844853,162161.48,2.5809554047447616
1958,202916.221653487,313762.56,54.62665204549365
1959,192463.969983091,144520.05,24.91059494787681
1960,171775.497189898,106540.55,37.97686413783491
1961,175249.222149411,119763.414,31.66108669064782
1962,147086.59893993,93693.555,36.30041371867988
1963,149709.672100371,103927.4,30.58070427786179
1964,171411.404533743,118861.48,30.657192662696115
1965,178188.964799425,158203.69,11.215775804029755
1966,156491.711373235,157628.06,0.7261398171145166
1967,180953.241201168,300898.84,66.28541053071659
1968,203909.759061135,474830.16,132.8628910093701
1969,175470.149087545,387665.1,120.92937289668988
1970,205578.333622415,448593.03,118.21026666357228
1971,199428.857699441,443098.94,122.18396329973163
1972,187599.163869476,377265.75,101.10204236437133
1973,192265.198109864,275181.72,43.12612095443081
1974,196666.554897677,320589.5,63.011702811796575
1975,155537.862252682,483763.8,211.02639125519946
1976,169543.240620935,279208.7,64.68288501353776
1977,202487.010170501,362997.38,79.26946508536217
1978,208232.716273485,390898.53,87.72195695061126
1979,173621.195202569,352818.1,103.21142219321587
1980,172414.608571812,189573.83,9.952301356785005
1981,164400.75641556,314185.16,91.10931534026894
1982,160480.424024781,232439.64,44.839871537295565
1983,156060.853810389,210797.9,35.07416809093937
1984,157437.192820581,172430.83,9.52356740538818
1985,158163.720929772,190271.84,20.300558738425647
1986,154849.043268978,206691.95,33.479642906781876
1987,152186.609341561,182462.67,19.894037188573357
1988,180340.215399228,175392.61,2.7434842463037232
1989,178344.62451356,188814.08,5.870351021229666
1990,190170.382266827,214484.3,12.785333574740509
1991,168092.975480832,218393.17,29.924031254300587
1992,178757.912566805,216850.02,21.3093266117433
1993,174518.256882082,163919.1,6.073379984103098
1994,198168.490116289,258378.56,30.383271249823114
1995,176882.693978902,184500.58,4.306744684704211
1996,183801.672896251,243410.16,32.430872997220064
1997,196400.046680661,323327.72,64.62710954734065
1998,172281.605004025,350390.12,103.38220089824091
1999,196380.366297173,255752.4,30.23318207533137
2000,198228.354306682,302383.34,52.54293012601936
2001,195556.581268962,250326.38,28.00713654106555
2002,186453.264469043,215951.3,15.820605562985232
2003,181869.381196234,257652.8,41.669146452968334
2004,175610.840124147,272771.44,55.32722228716969
2005,183438.730800145,254572.3,38.777835460143066
2006,179584.488673295,226629.17,26.19640575544916
2007,182386.152242034,252191.7,38.273491106567754
2008,160750.367237054,199917.6,24.365252432168454
2009,182477.505046008,189842.05,4.035864558831599
2010,187720.359207171,183818.81,2.0783836253291956
2011,187201.942081511,139135.52,25.676241147424662
2012,176385.102235149,188753.36,7.012076194712947
2013,175901.787841278,179516.23,2.054806948286068
2014,182584.280198283,183720.86,0.6224959785599744
2015,195664.686104237,195697.84,0.01694424089656566
2016,181420.346494222,196269.75,8.18508165855087
2017,176676.04995228,209952.86,18.834929837240534
2018,181594.678867334,116963.17,35.591080790726956
2019,178521.747964951,120817.54,32.32334918448145
2020,175895.883726231,123441.49,29.821274162317746
2021,168468.005916477,122595.766,27.22905139580006
2022,200973.129447888,165601.34,17.600258076819095
2023,197030.641992202,142435.45,27.708985485802117
2024,192867.417844592,216157.31,12.075597016689688
2025,196449.247639381,319691.3,62.734804964411275
2026,141684.196398607,176575.0,24.625755368815465
2027,153353.334123901,147125.44,4.061140345908103
2028,151143.549016705,163113.42,7.919538121982347
2029,163753.087114229,174942.39,6.833033247162964
2030,158682.460013921,275868.44,73.84935926491085
2031,144959.835250915,259407.42,78.95123814881862
2032,160144.390548579,302091.72,88.63709116827417
2033,156286.534303521,279555.25,78.87353587167097
2034,165726.707619571,157407.3,5.0199558894685765
2035,182427.481047359,209645.48,14.919900662102048
2036,173310.56154032,220247.03,27.08228975921957
2037,173310.56154032,243204.62,40.32879348984132
2038,151556.01403002,301477.3,98.92137037879858
2039,158908.146068683,208879.88,31.446930297530685
2040,209834.383092536,446114.6,112.60319373077456
2041,192410.516550815,240440.06,24.962015751618523
2042,174026.247294886,199503.19,14.639712745137537
2043,195499.830115336,163482.64,16.377093574172058
2044,200918.018812493,191565.47,4.654907940945451
2045,207243.616023976,193179.34,6.786349463401041
2046,196149.783851876,140912.2,28.16092007197371
2047,192097.914850217,153171.97,20.263595719177076
2048,178570.948923671,131010.76,26.633777336312587
2049,228617.968325428,126214.79,44.792270299446194
2050,199929.884438451,181159.34,9.388563641284739
2051,160206.365612859,100050.68,37.548873531171715
2052,179854.431885567,136810.45,23.932677907516826
2053,185987.340461822,142196.08,23.54529096070984
2054,161122.505607926,83618.57,48.10248904428246
2055,175949.342720138,159962.72,9.085923523775842
2056,183683.590595324,114990.23,37.39765777263324
2057,176401.34762338,132227.72,25.0415477084061
2058,205832.532527897,203806.05,0.9845297548493066
2059,177799.799849436,140129.05,21.18717224728952
2060,167565.362080406,138871.44,17.12401759179636
2061,186348.958436557,181190.12,2.7683752460110203
2062,179782.759465081,135057.94,24.877145950008543
2063,169837.623333323,114973.66,32.303774780012716
2064,178817.275675758,144737.48,19.05844698000739
2065,174444.479149339,130932.95,24.94290983671057
2066,192834.968917174,170608.88,11.525963906847462
2067,196564.717984981,135406.44,31.113558227501404
2068,206977.567039357,136563.64,34.02007669071098
2069,157054.253944128,83387.85,46.90506757641521
2070,175142.948078577,110762.77,36.758647027965495
2071,159932.1643654,86805.266,45.72369707842233
2072,182801.408333628,134277.17,26.54478364032467
2073,181510.375176825,136432.03,24.83513415302584
2074,181613.035129451,161986.95,10.806539913537486
2075,186920.512597635,137513.9,26.431883751564317
2076,157950.170625222,119156.71,24.56056898936159
2077,176115.159022876,150832.02,14.356026569860422
2078,182744.514344465,129417.44,29.181217578956108
2079,180660.683691591,138136.95,23.537901452971358
2080,160775.629777099,115818.555,27.962617742146595
2081,186711.715848082,130938.72,29.87118167424572
2082,223581.758190888,112723.625,49.582816634011955
2083,172330.943236652,140350.17,18.55776602622935
2084,163474.633393212,103655.04,36.59258452002493
2085,175308.263299874,134277.75,23.40477997302908
2086,187462.725306432,125016.98,33.3110196730344
2087,180655.101535034,121182.57,32.920482748449054
2088,152121.98603454,112854.695,25.813028121802304
2089,159856.233909727,106323.234,33.48821537980046
2090,186559.854936737,138640.72,25.68566262714266
2091,183962.550959411,109962.84,40.22542119223934
2092,162107.168699296,130056.2,19.771469057453956
2093,162582.288981283,161033.7,0.9524954968872799
2094,154407.701597409,122605.45,20.596285851289853
2095,181625.666399474,168031.05,7.484964360473986
2096,164810.609473548,96002.125,41.75003338276697
2097,176429.401241704,88423.85,49.8814543507624
2098,179188.089925259,157073.12,12.341763302730312
2099,145997.635377703,68911.08,52.79986568157513
2100,218676.768270367,100230.74,54.16488875668905
2101,188323.861214226,120559.96,35.98264222988813
2102,168690.0722914,148941.58,11.70696770897454
2103,165088.746797705,100378.78,39.19707917887265
2104,191435.007885166,170264.53,11.058833031137809
2105,168864.404664512,133089.22,21.185746478417187
2106,176041.882371574,98351.5,44.13176076338007
2107,215911.674390325,251465.33,16.466759247765875
2108,167388.238629016,123752.11,26.068814025653936
2109,163854.786753017,113933.164,30.466990768030033
2110,163299.477980171,118023.53,27.725715072811646
2111,178298.214633119,164371.14,7.811112781906693
2112,176376.586164775,153244.98,13.114896181948396
2113,170211.043976522,123671.34,27.342352698889172
2114,170818.344786366,99500.06,41.75095179359116
2115,174388.867432503,157885.22,9.463704693701686
2116,161112.987374671,113942.35,29.277985681548362
2117,172179.082325307,159211.58,7.5314040185246425
2118,157798.309713876,122369.03,22.452255526765327
2119,169106.151422924,97365.55,42.42341323439217
2120,170129.531364292,105540.914,37.964377404879116
2121,157680.227412949,92070.945,41.609073939958705
2122,162690.209131977,94443.805,41.948685477817776
2123,146968.379365095,95903.75,34.74531704417967
2124,181507.721372455,209958.81,15.674864084246407
2125,191215.589752983,156699.47,18.050892083418397
2126,189432.689844522,160281.52,15.388669119594942
2127,207271.484957719,160348.55,22.638393779680182
2128,170030.807488363,137248.62,19.280145741004397
2129,148409.806476335,89781.75,39.504166111613166
2130,193850.613979055,167277.23,13.70817632897782
2131,193808.319298263,176852.66,8.748674649084045
2132,166300.235380627,123740.39,25.59217386747306
2133,163474.633393212,116872.5,28.507256707600646
2134,177473.606564978,117096.484,34.02033898650291
2135,157443.925537187,81972.31,47.9355524703055
2136,180681.007992057,78759.73,56.40951371963655
2137,183463.17030026,121525.86,33.760078493624626
2138,182481.763081195,142522.6,21.897620017741296
2139,193717.15117887,154049.81,20.476938122140204
2140,182782.55099007,130973.37,28.344708348492542
2141,175530.651633287,141397.77,19.445539178306205
2142,177804.057884623,137097.22,22.894211959458012
2143,159448.670848577,145086.6,9.00733180912882
2144,181338.976717529,131667.05,27.39175417036944
2145,178553.558537021,124126.61,30.48214159547887
2146,162820.928264556,148288.03,8.925694270052636
2147,188832.479997186,179915.0,4.722429106115049
2148,164682.185899437,131698.33,20.028794079511776
2149,181549.735943801,151978.17,16.28841033013395
2150,199158.097008868,190856.72,4.168234750956856
2151,152889.520990566,117443.07,23.18435610296222
2152,181150.551679116,152728.34,15.689828938231532
2153,181416.732376013,157706.34,13.069573057279921
2154,164391.238182305,122025.984,25.770992816127585
2155,185421.046498812,124158.734,33.03956786761233
2156,193981.327550004,251004.55,29.396243014831768
2157,178824.324789223,229381.84,28.272168940309562
2158,209270.051606246,228655.33,9.2632836112778
2159,177801.266806344,201507.23,13.332842684116446
2160,179053.762236101,164722.23,8.004038595516008
2161,178762.170601992,272520.47,52.44862438304002
2162,184655.300458183,497792.75,169.57945358992285
2163,191284.655779772,357210.78,86.74303934303047
2164,179598.085818785,248474.53,38.35032197988542
2165,167517.628078595,183434.36,9.5015265581108
2166,182873.903794044,151098.66,17.375493788238842
2167,177484.91371363,211581.62,19.211044799776428
2168,188444.597319524,208211.7,10.489609658036088
2169,179184.153848562,193469.5,7.9724383237098575
2170,184365.175780982,217502.64,17.973819664503182
2171,184479.322005212,147223.38,20.19518588872492
2172,182927.863869391,145911.36,20.235574333181138
2173,178611.639373646,154831.42,13.313924813096328
2174,181943.343613558,236477.8,29.97331768414208
2175,175080.614768394,306568.16,75.10114435315681
2176,190720.794649138,339783.6,78.15760500845612
2177,198422.868144723,252774.27,27.391702561034897
2178,184482.11308349,213299.69,15.620797287522507
2179,139214.952187861,142130.81,2.0945004586894176
2180,169233.113601757,233694.67,38.090392019811986
2181,180664.118686848,193047.95,6.8546158491035944
2182,178818.742632666,223773.36,25.139768183965433
2183,180422.049969947,213721.73,18.456546766650618
2184,178601.93645581,139966.23,21.632299863316042
2185,183083.159775993,133915.89,26.85515687851926
2186,173163.101499699,156156.08,9.821388824990857
2187,185968.161159774,148904.9,19.929896025552036
2188,171226.050683054,154566.47,9.729582979106095
2189,281643.976116786,159326.05,43.429981284622215
2190,160031.711281258,83360.09,47.910267700947436
2191,162775.979779394,83360.09,48.78845753963469
2192,160735.445970193,95963.04,40.29752465564097
2193,166646.109048572,91452.766,45.12157138133693
2194,188384.548444549,99498.65,47.183221330231646
2195,165830.697255197,113206.59,31.733634439354567
2196,182138.358533039,110715.11,39.21373241105781
2197,171595.397975647,105818.53,38.33253615868074
2198,160337.079183809,155037.36,3.3053609375866557
2199,191215.088671543,163252.45,14.623656985341471
2200,166956.093232213,121048.164,27.497007352922044
2201,186581.830878692,132964.22,28.73678033181699
2202,176450.548582099,207173.17,17.411462681628546
2203,193743.194909801,168456.9,13.051449327845187
2204,198882.566078408,173611.61,12.706471249191914
2205,176385.102235149,115126.84,34.729839118431975
2206,162447.639333636,132900.98,18.188420253342603
2207,193782.555676777,193145.78,0.3286031988550741
2208,183653.890897141,216186.72,17.714206295296865
2209,210578.623546866,192860.58,8.413980131712048
2210,158527.164107319,125993.41,20.522510631234432
2211,163081.025723456,109042.45,33.13602884439279
2212,174388.867432503,116165.3,33.38720429217671
2213,191905.870131966,102950.67,46.353558685200746
2214,174388.867432503,145935.8,16.315873743211124
2215,161642.711648983,98634.47,38.97994595995719
2216,186939.507215101,159872.72,14.478901553943194
2217,172482.165792649,65399.273,62.083457904499916
2218,159695.999763546,98483.88,38.33040267394284
2219,157230.369671007,79744.7,49.28161768819858
2220,179188.089925259,76705.03,57.193008736242255
2221,157972.82120994,287649.22,82.0877906698424
2222,156804.951429181,219748.33,40.141193244938165
2223,211491.972463654,242944.94,14.871943918226663
2224,186537.246201062,212552.61,13.946471457446593
2225,200468.161070551,133815.72,33.24839252009396
2226,182241.340444154,189948.39,4.229034716855461
2227,157342.225898399,204213.2,29.789189668555434
2228,182022.387105998,279265.16,53.423523578654155
2229,181244.510876788,247782.11,36.71151131768342
2230,178556.671573788,154781.77,13.315045225830776
2231,189547.199876284,214038.28,12.920834567696671
2232,187948.65165563,180981.53,3.7069282456974233
2233,194107.287565956,172753.66,11.00094068271405
2234,183521.710369283,269744.28,46.9822177753355
2235,183682.123638416,217879.73,18.617819570130333
2236,178483.353073443,302811.47,69.65810244241545
2237,184003.879764736,372845.38,102.62908612400636
2238,171318.59033449,205591.55,20.00539439333113
2239,162039.754313997,115019.98,29.01743125509999
2240,154846.252190699,170098.83,9.850143347684565
2241,194822.365690957,143923.75,26.125653238240883
2242,169788.738771463,141779.69,16.496411348672183
2243,178891.554489941,125865.45,29.641480080560555
2244,152084.772428865,90098.39,40.75778359589422
2245,139169.86642879,91977.79,33.90969441860972
2246,192439.536044606,143703.42,25.32541755521035
2247,161067.859766557,89140.516,44.65654654553961
2248,158762.648504781,121540.75,23.44499720515818
2249,175569.690441774,125988.79,28.240011312326736
2250,183659.795012187,135082.97,26.449351644416037
2251,280618.132617258,130325.51,53.557701783386115
2252,180051.809151659,182409.67,1.309545768770908
2253,176519.18031559,156578.88,11.296392992500706
2254,179028.429210291,181240.05,1.2353461399759897
2255,177161.583857224,200914.83,13.407673167970163
2256,180081.508849842,191288.7,6.223399182812787
2257,205895.254584712,207871.62,0.9598887644468992
2258,183389.78131415,175106.61,4.516702759986821
2259,178543.647859512,172554.69,3.3543382423912687
2260,194798.320499104,152927.75,21.494318016615857
2261,162845.613675766,190669.89,17.086291547056078
2262,148103.867006579,203111.69,37.14138199441981
2263,201016.171121215,343128.8,70.69711261841191
2264,277936.12694354,396163.66,42.5376630079028
2265,249768.279823405,166295.84,33.41995223829982
2266,161596.052159825,277959.44,72.00880608462325
2267,158011.114889899,397221.53,151.3883471278467
2268,194089.683858004,365080.72,88.0989822555912
2269,181733.336941451,160532.6,11.665849149229699
2270,182852.32772198,169503.31,7.300436307421072
2271,189893.003058465,232881.73,22.63839438481021
2272,194650.210979875,199838.88,2.6656375012413736
2273,187904.461286262,161823.89,13.879697750512523
2274,171774.925622692,164892.77,4.0064960574099455
2275,177998.685921479,197875.62,11.166899337273406
2276,175648.484325498,169509.16,3.495233305925416
2277,196918.071362067,204378.72,3.7887069410787233
2278,184299.838071218,155383.47,15.689849960716728
2279,182379.855682734,116086.74,36.348924301188596
2280,184050.725802482,109120.48,40.71173611284478
2281,158296.975970284,173154.3,9.385728273485816
2282,175053.355553278,182664.34,4.34780837114863
2283,162293.376090644,88951.75,45.19076986215462
2284,186328.880047186,111206.88,40.316884869464175
2285,151422.116936538,150790.56,0.41708367926376444
2286,181969.358707768,136809.94,24.81704558858799
2287,189122.67702416,314086.8,66.07569485698224
2288,185645.475220346,261099.14,40.64395573880628
2289,182829.898109257,402812.16,120.3207266238721
2290,195848.788183328,469193.44,139.56923315798232
2291,198785.059550672,312404.44,57.156901381899594
2292,181676.126555428,378692.4,108.44367786785891
2293,194131.012663328,483857.5,149.24276310201432
2294,201416.004864508,445798.16,121.33204374691435
2295,185096.577205616,447970.66,142.0199588576769
2296,195158.972598372,293822.4,50.55541443368465
2297,184795.783735112,311716.75,68.68174354389909
2298,189168.263864671,268953.2,42.176702637820014
2299,216855.260149095,437113.94,101.56944300058484
2300,184946.642483576,335425.78,81.36354112499619
2301,189317.51282069,262525.28,38.66930538467826
2302,180803.277842406,223179.95,23.437999942971654
2303,175061.18585763,257975.55,47.3630769357411
2304,179074.839090732,241858.97,35.06027492642732
2305,145708.764336107,184776.58,26.812262009013466
2306,142398.022752011,183249.31,28.68810005819557
2307,161474.534863641,192238.33,19.051793623271827
2308,157025.945155458,217725.44,38.655710547991674
2309,163424.037827357,272485.25,66.73511046634185
2310,164692.778645345,210797.9,27.994622310635314
2311,152163.2443541,182250.86,19.773247983516256
2312,192383.215486656,187197.83,2.6953419369454714
2313,182520.230322476,176343.56,3.384101757686311
2314,187254.507549722,170147.1,9.135912279804238
2315,176489.659740359,173390.0,1.7562840479827726
2316,181520.466841293,179817.56,0.9381348951586226
2317,186414.978214721,178775.7,4.097995927087856
2318,185197.764639705,174918.31,5.550528463290736
2319,178657.794083741,178893.67,0.13202665882488931
2320,179731.198023759,184538.84,2.674906765827857
2321,161748.271317074,256415.83,58.527709701051364
2322,158608.749069322,163589.8,3.140464167270475
2323,178807.370559878,173964.89,2.7082108219114884
2324,184187.158803897,165105.86,10.359733505750404
2325,181686.10402108,212305.55,16.852937732303058
2326,190311.050228337,159801.14,16.031602049240394
2327,192252.496354076,207003.16,7.6725472624071225
2328,193954.849525775,227002.12,17.038640980118046
2329,181044.201560887,182513.03,0.8113092970939494
2330,180258.131219792,171770.56,4.708564968668713
2331,199641.657313834,378962.03,89.82112005024923
2332,197530.775205517,457822.03,131.77250710612972
2333,191777.196949138,325389.62,69.67065176486958
2334,195779.543033588,244222.44,24.74359486992015
2335,202112.046522999,251781.52,24.575216733233628
2336,192343.34807661,345178.66,79.45962959036979
2337,185191.359443218,225914.77,21.98990853526743
2338,186760.207965688,286921.38,53.63089553461723
2339,177733.78193528,237172.06,33.44230760045597
2340,164430.391189608,387218.9,135.4910775304853
2341,185299.601552401,204907.3,10.581619325314152
2342,186414.012339254,246411.53,32.18509000898323
2343,176401.921054593,217545.72,23.32389505705768
2344,182381.322639642,237376.72,30.154073105951003
2345,176334.184710805,241672.0,37.053402547187076
2346,184901.735847457,221665.81,19.883033538891805
2347,180085.766885029,196972.77,9.377200323528092
2348,184901.735847457,233664.44,26.372226268752826
2349,183967.561548763,161443.4,12.243550634220204
2350,193046.301574659,271904.16,40.84919409597877
2351,168538.969495849,224133.67,32.98625870945548
2352,170157.842016969,246883.17,45.09067996723864
2353,196559.709259637,235937.97,20.033739818137406
2354,177133.709361852,117105.77,33.88848998765436
2355,181553.279576244,122687.53,32.42340194219577
2356,185770.606634739,154590.94,16.783961251762644
2357,177017.595099274,208502.23,17.7861612474562
2358,184123.358536806,202757.06,10.120226793206774
2359,165970.357492196,117909.375,28.957570025391945
2360,158151.985049452,118452.57,25.102065609254616
2361,177086.476441481,145513.02,17.829400119051215
2362,196373.896176551,260617.83,32.71510881756409
2363,172465.707083115,139296.31,19.2324593938724
2364,168590.782409896,148619.56,11.845975280748043
2365,158820.474171061,216080.22,36.053126102158686
2366,151611.37057651,208377.94,37.44215833392457
2367,152125.028585543,232787.28,53.023655715600384
2368,158404.073081048,218416.4,37.88559583833837
2369,160692.078640755,222588.22,38.51847700447058
2370,170175.22684199,171726.84,0.9117738150281406
2371,169854.436591138,175157.27,3.121986987968187
2372,183410.785819008,185300.58,1.0303615311134828
2373,180347.194026928,276180.1,53.13800776892763
2374,178930.528374292,311181.75,73.91205001589285
2375,153346.220086301,250963.08,63.657819448540465
2376,182675.204270589,285380.88,56.22310709300069
2377,180770.649792036,365450.9,102.16274069956917
2378,188714.148087543,139143.86,26.26739361616266
2379,191393.608594076,187817.98,1.8682068959050242
2380,174016.157494425,146068.39,16.060443982232137
2381,183189.685319552,161877.42,11.633987624562673
2382,183621.508757866,196499.0,7.0130625378506295
2383,168991.29635758,204839.4,21.212988133167876
2384,185306.650665866,234758.52,26.68650539872024
2385,189030.680303208,154130.75,18.46257456579429
2386,179208.665698449,143785.69,19.766329691921577
2387,174901.452792889,134256.86,23.23856785856356
2388,168337.406544343,92479.5,45.063012494706996
2389,158234.96461859,133949.17,15.347931904385687
2390,179562.453368834,138358.69,22.94675896647421
2391,174176.391640607,144167.64,17.228943232746836
2392,173931.531845427,115640.94,33.51352755130672
2393,184111.729429665,167010.2,9.288669159016383
2394,179374.482001188,147113.53,17.985251659695017
2395,207348.811884535,198966.14,4.04278751749154
2396,186983.419339031,148621.42,20.51625725673276
2397,206779.094049527,202694.1,1.975535325901254
2398,177472.074683935,122666.92,30.881001859892066
2399,156727.948324862,65365.54,58.293628737797384
2400,157090.568462479,54298.49,65.4349140553469
2401,160387.032696693,111204.18,30.665105445090703
2402,172410.28005086,137863.12,20.037761113008337
2403,191603.365657467,130517.414,31.881460666338977
2404,182152.207151253,149064.56,18.164834601086195
2405,180161.697340702,154615.14,14.179793883930358
2406,169652.235284283,140415.23,17.233492523862772
2407,182503.520140218,135955.2,25.505436883877515
2408,179714.630677039,141973.33,21.000683436210064
2409,180282.570719908,118576.055,34.2276657546541
2410,192600.338060371,191185.42,0.734639447999034
2411,166115.491248565,124262.9,25.194875525449557
2412,186379.553524443,146742.03,21.267098656959003
2413,184361.992258449,131267.06,28.799283197166552
2414,186220.965458121,121352.32,34.83423324465001
2415,198176.47090687,132445.14,33.168080249930085
2416,168437.776500131,133973.02,20.46141739475183
2417,178003.582312015,127718.766,28.2493282769292
2418,179180.469244588,114670.16,36.002980412183774
2419,191930.561104806,118708.22,38.15043351268173
2420,175590.266214964,125229.234,28.68099314418158
2421,176713.19307219,158111.3,10.526601182850492
2422,180159.090947005,115024.555,36.15389909253303
2423,188090.100808026,101944.945,45.79994132490256
2424,186184.717727913,139329.88,25.165780682593837
2425,223055.588672278,186009.81,16.60831673969269
2426,158270.753116401,116853.69,26.168488050309975
2427,184733.12846644,122064.92,33.92364379181981
2428,199926.378957429,160569.0,19.685935974366593
2429,175075.785166001,113727.28,35.041113828410026
2430,180917.925148076,133132.28,26.41288590335361
2431,182067.760625207,127093.414,30.194443231700784
2432,178238.60191545,130431.76,26.821822771100877
2433,173454.944606532,135691.45,21.771356643764353
2434,176821.936262814,148167.1,16.205475897641875
2435,183642.191304235,170261.11,7.286496207217945
2436,177254.582741058,94107.27,46.90841356836657
2437,168715.950111702,113476.69,32.740982743557836
2438,180096.931198144,125827.164,30.13364349803162
2439,160620.728178758,114098.25,28.96418084157993
2440,175286.544392273,135338.27,22.790268660253204
2441,153494.783276297,119097.39,22.409486851667307
2442,156407.65915545,97207.45,37.849942563626165
2443,162162.525245786,112335.4,30.726658437431325
2444,166809.886827197,116101.03,30.39919143385531
2445,172929.156408918,95978.03,44.49864210691865
2446,193514.330894137,117852.625,39.098761081177045
2447,181612.141603756,188548.39,3.819264689569943
2448,191745.386377068,144469.08,24.65577256920226
2449,171369.325038261,104808.16,38.840769795527954
2450,184425.470567051,152954.98,17.0640695508538
2451,170563.252355189,118297.96,30.64276251390263
2452,184522.369240168,187282.45,1.4957973774115148
2453,164968.947931153,87060.805,47.22594397805498
2454,157939.621592364,108031.414,31.59954866877872
2455,151520.381580069,105812.01,30.166483943227796
2456,176129.508722531,154588.11,12.230431390384826
2457,171112.978971478,121522.08,28.981377841445955
2458,169762.081624282,112756.35,33.57977887573696
2459,162246.828936295,108102.31,33.3716962551881
2460,171339.303381589,145618.11,15.011846595585524
2461,189034.753653813,119146.766,36.970972957597894
2462,175758.873595981,126951.44,27.769541643840533
2463,163351.721489893,117230.414,28.23435655849311
2464,189806.546645026,195328.75,2.9093850831718395
2465,175370.990918319,133699.36,23.76198634683432
2466,196895.599900301,117088.74,40.53257662472476
2467,176905.917994834,146121.77,17.401423504516654
2468,176866.557227858,104972.71,40.64863836029601
2469,163590.677170026,105063.71,35.77646855095336
2470,212693.502958393,196988.95,7.383654291247953
2471,192686.931747717,186481.3,3.2205773849998183
2472,181578.684951827,181870.11,0.1604951860127818
2473,166475.457581812,127290.89,23.537744332407254
2474,185998.255166219,119898.39,35.537895292161885
2475,185527.714877908,218183.12,17.601362224281072
2476,159027.118197683,126363.53,20.539634100065655
2477,181169.654933769,136555.23,24.62577132471709
2478,176732.915304722,170348.25,3.6126067935413135
2479,191619.294648838,124207.24,35.180201854086505
2480,189114.303789324,133894.3,29.19927402785983
2481,180934.635330334,125743.37,30.503427511029496
2482,164573.372223048,131574.52,20.05114908766913
2483,173902.011270196,120223.234,30.86725500074517
2484,165625.127741229,125641.17,24.14123888477811
2485,179555.219570787,122136.42,31.978351678131244
2486,196899.720661579,135715.42,31.073838223843588
2487,207566.12470446,178830.42,13.844120636435692
2488,163899.981149274,144789.69,11.659727484574306
2489,189179.428177786,150816.7,20.27848828347957
2490,193892.880023125,148736.84,23.28916875015699
2491,178980.874331431,91969.234,48.61504932102726
2492,179749.876244365,185748.33,3.337111480110423
2493,197999.674975598,132071.81,33.296956161025584
2494,203717.470295797,164449.12,19.275887452744968
2495,185249.261156892,93319.42,49.62494348575805
2496,201691.208274848,225691.88,11.899711410546901
2497,181956.548314794,140991.53,22.513626848934535
2498,171895.936275806,113877.22,33.75223261980743
2499,187245.168439419,93815.36,49.89704632600287
2500,157816.77461318,121488.164,23.01948617453624
2501,191702.912573325,141322.3,26.28056710095878
2502,198599.420028908,150453.88,24.242538080876553
2503,187193.313676329,103497.94,44.710664089767896
2504,220514.993999535,188986.73,14.297560192030065
2505,181814.527595192,209563.69,15.262346068731764
2506,183750.755371907,273022.78,48.58321504442725
2507,183000.431679579,346298.22,89.23355361606143
2508,185830.971906573,273022.78,46.91995483791741
2509,185497.872344187,211713.66,14.13266218340781
2510,179613.437681321,240449.81,33.87072431997983
2511,164454.967963631,178924.14,8.798257793932288
2512,185127.237217638,205898.06,11.219755177323554
2513,178750.613844623,206070.83,15.283984523334157
2514,160927.61044889,228309.31,41.870813444104535
2515,192562.808057836,154191.31,19.926744133431605
2516,180990.24148554,149532.53,17.380888177914983
2517,180064.941503122,130534.86,27.5067878786739
2518,196070.997393789,141624.36,27.768837878882408
2519,180352.919019023,219080.08,21.47298817874536
2520,183367.953769362,209039.08,13.999788786936463
2521,176734.841494027,191502.08,8.355589866230234
2522,180848.220765939,221372.39,22.40783407347369
2523,187806.059368823,135702.83,27.7431034674446
2524,180521.52640004,142225.89,21.21388909330178
2525,181502.754496154,142465.95,21.507554860265863
2526,174525.87942676,149723.45,14.211318979296905
2527,188927.984063168,119675.086,36.65571217867509
2528,184728.870431253,125183.53,32.23391140336824
2529,179857.975518011,132057.5,26.576789480889186
2530,180962.868071609,120396.02,33.469213168992226
2531,179194.066390078,250119.44,39.5802020896877
2532,179591.789259484,228179.19,27.05435529144056
2533,180638.463702549,197414.66,9.287167280760194
2534,185846.215131922,234096.31,25.962376922138496
2535,195174.031139141,319291.0,63.59297296696972
2536,192474.56829063,227426.19,18.15908564948396
2537,164200.595496827,219669.36,33.781098256884725
2538,178403.094096818,184589.1,3.4674319604708757
2539,170774.84018302,192660.52,12.815517668483862
2540,179879.945898337,177518.12,1.3130012278699703
2541,177668.192752792,184907.88,4.074835869626545
2542,180174.328610725,150089.06,16.697866362374867
2543,170643.303572141,126282.0,25.99651005548358
2544,165448.004289838,136338.81,17.594164652988752
2545,195531.754886222,128833.305,34.111313492293455
2546,165314.177682121,147867.16,10.553854440524441
2547,172532.757660882,146471.8,15.104933123543734
2548,203310.218069877,152397.95,25.04166713961156
2549,175090.062515883,152584.48,12.853717791003383
2550,230841.338626282,173515.77,24.833320135562285
2551,155225.19006632,150326.75,3.155699190464606
2552,168322.342441945,112931.664,32.90750214045378
2553,165956.259265265,83360.09,49.76984274708375
2554,193956.817564124,98564.05,49.18247719371155
2555,171070.367893827,110772.01,35.247692885801555
2556,166285.243628001,91104.234,45.212075339763445
2557,182875.801346628,110606.73,39.51811601888603
2558,218108.536769738,185935.22,14.751058003614087
2559,174378.777632042,128450.32,26.338329844791087
2560,164731.316372391,120990.45,26.552854269379218
2561,156969.695083273,117059.96,25.425121111499088
2562,173388.854342604,131249.9,24.303150570070922
2563,177559.628685119,135992.75,23.41009552280206
2564,194297.789279905,166269.7,14.425325879301582
2565,174894.588364005,111510.24,36.24145775859244
2566,196544.144075798,130844.25,33.42755103935357
2567,179036.158528149,129284.766,27.788460687021967
2568,211423.986511149,178803.4,15.428990366440201
2569,208156.398935188,179349.56,13.839035976096678
2570,159233.941347257,128474.59,19.31708220433801
2571,210820.115134931,146612.03,30.456337192414466
2572,140196.10979821,194326.66,38.61059360327638
2573,198678.469082978,208674.55,5.031285454916167
2574,186818.610760803,230548.5,23.407672855028043
2575,175044.797633861,142375.72,18.663266818243002
2576,180031.162892704,123813.03,31.22688982807337
2577,176889.171525162,175741.14,0.6490117598853054
2578,159638.856165666,90799.945,43.12165146950694
2579,154287.264375509,63868.953,58.603872290746025
2580,191885.618181273,122625.14,36.09466870823175
2581,177503.378612934,143172.05,19.341225435374568
2582,166548.31684976,118127.78,29.07296679163635
2583,164475.14942856,243123.1,47.8175279637614
2584,167484.744857879,163458.34,2.404042745084431
2585,188683.160555403,157914.73,16.306929810182226
2586,162243.399502668,170049.64,4.8114379514117855
2587,180807.213919103,206259.1,14.076808955357677
2588,176279.079637039,139733.03,20.731926733613427
2589,163438.959094218,148300.5,9.262454422198752
2590,161495.5393685,219034.03,35.62853243903465
2591,216032.303722443,225360.66,4.3180376808562935
2592,176632.181541401,226285.0,28.11085614484178
2593,168743.001567144,245559.77,45.52293589627186
2594,183810.11848086,180782.36,1.6472207873448959
2595,156794.36054728,209291.03,33.48122296585411
2596,169136.43011395,356945.44,111.03995145192553
2597,183203.318752456,184720.69,0.8282444105689379
2598,213252.926930889,260353.69,22.08680731701067
2599,190550.327866959,270150.53,41.77384684880593
2600,234707.209860273,137368.58,41.47236461897404
2601,135751.318892816,135258.48,0.3630453809477243
2602,164228.45886894,83971.14,48.86931255501102
2603,153219.437030419,93870.32,38.734718114540705
2604,164210.746523801,81370.69,50.447402668493446
2605,163883.229117973,84512.32,48.43137979715853
2606,154892.776269956,145075.4,6.33817567634382
2607,197092.08733832,170256.45,13.615786255414235
2608,228148.376399122,185549.64,18.671505391123144
2609,178680.587503997,151919.53,14.977036889023196
2610,165643.341167808,114092.61,31.121523391383164
2611,222406.642660249,166357.72,25.201101005724002
2612,184021.843582599,151908.5,17.45083244326089
2613,170871.094939159,123991.21,27.43581935601877
2614,189562.873697309,125538.39,33.77480117733512
2615,170591.884966356,151396.53,11.25220872618982
2616,172934.351682851,143759.98,16.870200396249015
2617,186425.069879189,185890.94,0.28651182994600655
2618,218648.131133006,195119.11,10.761135259232136
2619,183035.606761141,208438.95,13.878907873925328
2620,178378.906069427,183234.62,2.7221346052448028
2621,184516.716597846,178325.4,3.355423135639241
2622,181419.5253183,182058.55,0.35223589113620446
2623,196858.923438425,252636.3,28.33367956470688
2624,189228.701486278,286691.1,51.505082341216344
2625,208973.380761028,302455.25,44.73386461880205
2626,180269.86896412,173117.67,3.9674955139305688
2627,159488.713683953,180910.64,13.431625236188967
2628,191490.299507521,412480.38,115.40536573436158
2629,228684.245137946,541817.0,136.92799636160652
2630,201842.998700429,337224.53,67.07269123587555
2631,209242.82289186,418925.72,100.21031747239779
2632,202357.62258493,396672.44,96.02544986093399
2633,168238.61218265,302840.47,80.00651935431927
2634,202524.12465369,362769.16,79.12392443138518
2635,170588.771929588,150439.61,11.811540526187006
2636,198375.31512987,192215.97,3.104894944130356
2637,170636.827889889,160399.48,5.999494960428534
2638,181991.079479377,259268.86,42.462400213071994
2639,183994.54251844,191433.61,4.043091376372996
2640,182951.482193584,153592.47,16.047430631099637
2641,174126.297156192,104497.84,39.98733005488252
2642,170575.496742588,216523.42,26.937000996544704
2643,175332.239869971,117179.59,33.16711741839258
2644,167522.061539111,132220.45,21.072813463956322
2645,168095.583738538,88595.07,47.294825937959196
2646,154406.415627461,87979.92,43.02055413793774
2647,170996.973346087,94449.43,44.76543756780984
2648,159056.890245639,148062.02,6.91253942451604
2649,181373.6165193,153564.95,15.332255624037176
2650,152272.560975937,144876.14,4.857356393385811
2651,168664.346821336,157545.44,6.592327916885781
2652,211007.008292301,432422.56,104.93279512355313
2653,182909.515032911,244749.75,33.80919519466335
2654,203926.829353303,243416.53,19.364642098309258
2655,179082.825442944,385219.3,115.10678036668082
2656,206260.099795032,320560.03,55.41543435620944
2657,181732.443415757,337490.84,85.70753447028055
2658,189698.740693148,267800.47,41.17145375950988
2659,203074.34678979,312045.8,53.660866048733624
2660,201670.634365666,349251.75,73.17927872768144
2661,173756.812589691,359050.94,106.63992084607482
2662,181387.076390881,352416.75,94.28988934170687
2663,184859.155270535,282487.16,52.812101508626796
2664,158313.615666777,276405.03,74.59334046275917
2665,151951.955409666,296989.0,95.44927816118638
2666,162537.52704471,277616.7,70.80160197320747
2667,178998.337067854,169087.12,5.537044215163243
2668,186732.584943041,182888.83,2.0584275337983855
2669,187323.318406165,178428.92,4.748153343557392
2670,199437.232798284,287632.34,44.2219870203067
2671,185546.680858653,182888.83,1.432443224720219
2672,161595.015798593,202665.9,25.41593501410741
2673,154672.422763036,207743.05,34.311628594756144
2674,159355.710116165,205314.58,28.84042865507142
2675,155919.014077746,161891.58,3.830556495999836
2676,182424.87095604,189420.06,3.8345588555442545
2677,178100.589622319,212468.97,19.2971738333729
2678,202577.900044456,267499.75,32.04784428177842
2679,177862.778940605,284478.1,59.942457716236284
2680,182056.024744887,285575.53,56.8613455117312
2681,191403.199177104,458965.97,139.79012470701815
2682,196264.754980043,351217.94,78.95110104497023
2683,209375.003419718,540210.1,158.01078981576526
2684,196691.81930173,310441.6,57.83147519916682
2685,192458.431539585,363958.56,89.11021828895073
2686,182242.80926507,256767.3,40.892966386692926
2687,183259.503900506,343984.28,87.70337836707974
2688,188108.243748841,225482.44,19.868452071170477
2689,171418.640195797,204355.6,19.214339681251648
2690,194698.882220432,466631.5,139.66829941616942
2691,174841.84007522,189697.08,8.496387316896799
2692,172965.476488899,113597.72,34.32347176675413
2693,189386.323677132,182831.78,3.4609382292600266
2694,185682.618340257,116446.086,37.28756787206837
2695,176412.012719061,190790.89,8.150735916061237
2696,174976.489722867,179364.67,2.50786850512497
2697,180718.581707643,192248.64,6.380117740747733
2698,186131.188248242,195712.31,5.147510120109332
2699,165220.786354033,168227.38,1.8197429707933355
2700,164115.893800435,168327.84,2.5664462484582504
2701,182125.729127024,148825.8,18.284033390910356
2702,182285.140233276,129334.445,29.048278518760956
2703,196325.442210366,155807.0,20.63840618626994
2704,164865.215329881,138177.25,16.187747837820545
2705,182694.492209823,130180.42,28.744201083802267
2706,185425.485520958,121044.62,34.72061315631893
2707,171414.7041191,128651.95,24.946957928059767
2708,183433.472466085,137734.64,24.913028059551255
2709,176844.981155794,116470.79,34.139612422818225
2710,180568.187753206,126188.29,30.11599021391878
2711,185948.625475832,244636.89,31.561547913563796
2712,189388.291715481,420402.12,121.97893871473968
2713,142754.489165865,161702.14,13.272893164235228
2714,156106.800760811,147565.34,5.471549425894865
2715,155895.397617561,171866.22,10.244575931367947
2716,159851.977738548,143626.67,10.150207690946383
2717,185157.832305524,177830.48,3.957354768246219
2718,180716.291710805,222408.27,23.070403832717773
2719,176901.093954071,154786.52,12.501095080741917
2720,181017.222455218,163585.11,9.630085037643617
2721,183269.159407668,144362.97,21.228988845375888
2722,193550.830097069,157166.81,18.798173109783
2723,170625.842699726,146509.17,14.134243862559225
2724,182012.405942725,130736.17,28.171835692815584
2725,179162.507290733,134350.67,25.01183867560823
2726,183269.159407668,134218.69,26.76417001431159
2727,180589.836175042,173810.78,3.753841477806759
2728,181465.935198741,166926.3,8.01232208282907
2729,196053.029878304,150210.31,23.382816326154177
2730,183421.020319014,145571.84,20.635137812004874
2731,167926.839083612,118995.11,29.138718593546876
2732,168027.530997889,113903.945,32.21114163640777
2733,182164.26685407,163948.92,9.999407221100135
2734,172469.071592608,127871.6,25.858242977008892
2735,181059.374300472,135195.9,25.330626750294943
2736,182997.570115536,140594.14,23.171580960755083
2737,166140.504179894,120973.57,27.18598598388026
2738,198515.546934075,133259.23,32.87214424356696
2739,193789.648503294,165601.1,14.545951613517097
2740,173550.025727531,132141.19,23.859884522599717
2741,176487.943174734,144625.02,18.05388096295493
2742,188813.302559147,158126.64,16.25238377975736
2743,178531.911979192,153416.23,14.067895033868922
2744,182145.731469001,145766.39,19.972656606115592
2745,179196.465024103,133188.55,25.67456619075308
2746,169618.349900686,130384.48,23.1306753801449
2747,170010.168655046,162493.95,4.421040643925568
2748,181739.671652174,133030.03,26.80187611728379
2749,172846.934955574,121803.99,29.530720327029986
2750,195560.8830172,132811.28,32.08699104292806
2751,180358.114292956,120262.805,33.31999202173021
2752,211817.702818093,201493.14,4.874268146963915
2753,176170.128686742,146217.08,17.00234251403836
2754,234492.248263699,177102.33,24.474121719862143
2755,182450.956536015,133068.25,27.066290839789087
2756,174902.068073146,71052.27,59.37596920221368
2757,173684.174293738,70611.25,59.34502939768082
2758,147196.673677562,60516.83,58.8870940571907
2759,175231.189709791,163074.19,6.937691703129342
2760,193417.64740633,119014.766,38.46747305845631
2761,183313.601249761,146916.72,19.85498130068974
2762,180882.250849082,143887.6,20.452338842216335
2763,186735.697979808,214173.1,14.69317453332295
2764,172922.865411247,151869.75,12.1748592131979
2765,202551.677190573,267910.9,32.267924766642665
2766,190485.634074173,137069.17,28.042253335163952
2767,173439.49362151,90365.88,47.89774917286035
2768,196613.598849219,113561.07,42.2414977068352
2769,178152.259700828,144732.66,18.759009712787083
2770,174519.904825949,159244.3,8.752929839827479
2771,172627.796932837,122004.71,29.32499159016235
2772,173732.689486435,122514.29,29.481152705250746
2773,209219.844787023,118885.484,43.176765033441065
2774,181059.374300472,143628.73,20.67313247109482
2775,188515.443002459,126418.97,32.939727384376155
2776,182164.26685407,139807.03,23.252220419277933
2777,188137.901597981,150194.77,20.16772339635162
2778,158893.54306269,109673.25,30.976899447242225
2779,189579.65066771,109761.12,42.10289996135383
2780,165229.803505847,115069.47,30.357921174960406
2781,162186.071220207,103057.2,36.45742866532922
2782,166374.879866351,92222.55,44.56942654198614
2783,161665.184974757,102137.76,36.821425085464035
2784,175079.328798445,129113.0,26.254572206729442
2785,203840.874021305,136769.88,32.903604021191
2786,152129.078861057,46633.33,69.34620892394196
2787,181012.141380101,117984.96,34.819311511128106
2788,161305.53503837,70521.14,56.281016653752744
2789,203326.392972343,224422.89,10.37568055934904
2790,168385.571141831,89500.695,46.84776469082754
2791,183564.365159986,121072.14,34.043767212400255
2792,163784.619440861,70841.72,56.74702530564576
2793,171989.192193993,159501.81,7.260562152014767
2794,180839.95616829,96149.42,46.83176105698501
2795,170895.923185907,112493.76,34.17411141070635
2796,174071.054808518,100943.54,42.01015205483754
2797,259423.859147546,206222.4,20.5075428768824
2798,188000.824679588,129732.625,30.99358727755326
2799,179171.703565498,104389.73,41.73760257749668
2800,171022.241447762,90058.836,47.3408632481828
2801,174126.297156192,120171.4,30.98607047722048
2802,187625.573271948,139227.95,25.794790351845894
2803,199567.946369234,170243.08,14.694176546256642
2804,205328.078219268,136556.89,33.49331899255779
2805,166231.535025379,95591.84,42.49476190819886
2806,154743.91606057,102108.51,34.01452373737743
2807,159714.537012622,150882.23,5.53005830140808
2808,185563.069082422,146871.97,20.85064623782251
2809,171500.796725006,128952.63,24.80931140700769
2810,180983.443844799,137068.64,24.264542055270983
2811,183141.236914997,159448.95,12.93662056350176
2812,178498.634450214,146429.9,17.965815004124572
2813,224323.710512388,124309.93,44.584578368439956
2814,218200.642127877,162019.8,25.747331254392968
2815,182283.177756557,105001.23,42.3966427992432
2816,190054.639237419,225814.28,18.815452706686912
2817,160192.453934518,131304.16,18.033492355592916
2818,171289.393581756,127791.07,25.394639254761774
2819,151131.098733642,173579.52,14.853608194777815
2820,181721.458225594,129582.86,28.69149231725166
2821,172725.053851858,119995.22,30.52819071463893
2822,222438.699143414,164373.92,26.10372177458995
2823,235419.373448928,258027.98,9.603545460109181
2824,185150.926027596,153213.19,17.249568615625396
2825,184772.239624699,138393.08,25.100718440660923
2826,180658.216435809,122230.95,32.34132805499562
2827,209673.316647174,159668.56,23.848889046439368
2828,205939.810625621,208267.84,1.1304416408399691
2829,165633.573325837,191891.23,15.852858902288203
2830,186030.317211014,237958.44,27.913795755174682
2831,160312.319589212,193081.19,20.440643922286007
2832,190702.440251029,214823.92,12.648752536789235
2833,175122.810326699,277056.12,58.20675757951812
2834,183783.13937519,215038.25,17.006516882380197
2835,178290.666302221,217321.11,21.89146774044714
2836,181605.343963015,191331.12,5.355445949302955
2837,187992.451444752,156815.48,16.584161334751464
2838,188885.11781517,142096.12,24.77114044577853
2839,189959.344795118,172904.11,8.978360508409343
2840,179258.619211334,198321.95,10.634540683475645
2841,181518.750275669,214522.38,18.18193970276295
2842,193008.659237315,220979.36,14.491940865872463
2843,186313.89385619,147842.97,20.648446049806964
2844,181499.39185067,162136.23,10.668444479748555
2845,174126.297156192,125904.57,27.693535062620043
2846,183918.612062767,216489.5,17.70940285593137
2847,184114.270899227,206226.27,12.00993219742089
2848,158540.947801398,219237.27,38.28431899791303
2849,197034.759055859,209447.95,6.300000570265825
2850,185170.284452595,294018.53,58.78278249082186
2851,221134.533635148,225862.89,2.1382261228602957
2852,184306.637575967,232613.5,26.210050304955512
2853,199792.302740996,227492.1,13.864296511419202
2854,143237.803559736,142322.6,0.6389399564859402
2855,177294.838897736,189702.0,6.998038509976305
2856,182368.620883855,213912.52,17.296779985101892
2857,176487.943174734,186755.64,5.8177893858167655
2858,183849.408762071,195164.66,6.154630202032721
2859,184964.141507413,129920.04,29.759336625367975
2860,196395.969632434,125228.695,36.236626833853826
2861,188374.936650438,143087.64,24.041041475956185
2862,176261.296806135,198079.28,12.378204171425104
2863,163628.142248426,120662.85,26.257886729041136
2864,180618.032628904,253854.9,40.547926641171934
2865,161647.329794081,148117.4,8.370029873872012
2866,167129.598867773,137834.77,17.528211080641697
2867,174750.988352687,80782.305,53.77290522845969
2868,177560.202116333,134189.28,24.426037816693555
2869,192577.796112839,122367.0,36.458406695909886
2870,199202.898960871,156294.92,21.53983661116263
2871,182818.156667308,103262.12,43.516485516306716
2872,148217.262540651,50753.312,65.75748928969722
2873,188997.797082492,105619.44,44.11604704900332
2874,185807.928877601,166184.48,10.56114719976655
2875,177030.477842021,135073.33,23.700522279255704
2876,175942.474593632,152188.77,13.500835797890815
2877,172912.518576433,151986.23,12.102240340211628
2878,198359.248864591,157981.03,20.35610595206226
2879,184379.133036383,144781.64,21.476124973735136
2880,194255.566948886,123825.77,36.256256670069085
2881,209449.651603064,138787.72,33.736953517104965
2882,169979.323958443,150577.17,11.414420005098084
2883,188206.281858748,166629.66,11.464347335091405
2884,186412.438609167,149862.4,19.607081416813582
2885,196761.386409959,173172.75,11.9884479573707
2886,208353.269558209,190476.05,8.580244311075969
2887,166548.067241044,112406.72,32.507940883328025
2888,175942.474593632,132362.42,24.769490536203538
2889,166790.457916434,66710.99,60.00311358733496
2890,160515.850579067,77710.67,51.586918226669944
2891,192167.621096362,137956.34,28.210413797638623
2892,178751.551083369,58042.46,67.52897547002027
2893,198678.894117024,99978.945,49.67812487364091
2894,164553.120272354,40156.88,75.59640319579731
2895,156887.932862327,328095.3,109.12717378200887
2896,164185.777305524,265354.53,61.61846315483028
2897,212992.120630876,188737.92,11.387369898490043
2898,197468.550532521,172524.98,12.631667404887875
2899,180106.84373966,226747.58,25.896148803627934
2900,183972.071056674,154711.45,15.904925616486665
2901,245283.198337927,183179.05,25.319365027345263
2902,170351.963410756,187552.95,10.097322182174477
2903,195596.307707478,367428.94,87.85065234948325
2904,189369.756330412,341999.56,80.59882772583802
2905,223667.404551664,115539.266,48.34327056658268
2906,169335.310624364,200215.69,18.23623157023513
2907,167411.02835165,112698.695,32.681439144335044
2908,187709.555003968,122138.09,34.932406612216354
2909,196526.002998991,150365.47,23.488257174409636
2910,137402.569855589,77132.68,43.86372825408802
2911,165086.775061735,83971.14,49.13515030589302
2912,188506.431412274,141474.12,24.949977069700996
2913,172917.456816012,90907.27,47.427361196546315
2914,166274.325225982,73819.516,55.60377953741653
2915,167081.220948984,73819.516,55.818184963742986
2916,164788.778231138,87931.375,46.63994967141231
2917,219222.423400059,153916.12,29.789974213030902
2918,184924.279658997,110221.63,40.39634481569956
2919,187741.866657478,217552.47,15.878505883245195
